SYMBOL,SYMBOL P/E,ADJUSTED P/E
THERMAX,71.46,76.08
WHEELS,19.27,19.27
RIIL,118.48,118.48
PREMIERPOL,20.26,20.26
RAYMOND,35.06,9.93
RSWM,39.05,27.76
SHREDIGCEM,30.52,30.52
SESHAPAPER,22.09,22.09
SMLMAH,38.70,38.70
SUNDRMFAST,30.51,29.99
FACT,2004.51,4831.56
EXIDEIND,33.80,33.53
EUROTEXIND,6.80,6.80
ELECON,27.20,32.51
CRISIL,39.35,39.35
LMW,127.69,120.44
NELCO,,319.34
MASTEK,13.41,13.19
MAHSCOOTER,41.44,47.80
LUMAXIND,50.30,45.54
TRENT,88.34,87.27
KECL,82.11,47.67
CUMMINSIND,70.36,67.46
KCP,9.25,8.94
JAYBARMARU,12.97,12.24
JBCHEPHARM,42.20,42.20
INFY,18.90,18.32
INDIAGLYCO,27.87,27.78
IONEXCHANG,32.52,30.46
IFBIND,33.98,31.57
HIMATSEIDE,15.88,6.31
GNFC,10.76,10.76
GFLLIMITED,289.34,289.34
BPCL,6.04,5.94
BHARATFORG,76.18,73.62
BASF,42.08,42.79
FORCEMOT,21.32,30.37
ATUL,32.01,32.01
ARVIND,24.31,23.41
ACC,10.17,10.71
TMPV,58.45,17.55
SCI,10.88,10.88
MRPL,14.26,14.26
LINDEINDIA,116.49,116.49
HINDPETRO,5.26,5.26
ESCORTS,27.43,27.84
BAJAJHLDNG,55.66,174.49
ASHOKLEY,28.98,26.62
VOLTAS,74.98,72.67
TITAN,84.25,82.29
TATASTEEL,29.57,27.63
SUNDARMFIN,27.60,26.91
SPIC,8.91,8.91
VEDL,18.08,16.53
SBIN,11.64,11.96
RELIANCE,18.67,18.67
PFIZER,26.24,29.41
NOCIL,47.90,45.27
BOSCHLTD,39.69,47.37
DRREDDY,18.45,18.45
BATAINDIA,53.49,49.57
DEEPAKFERT,17.44,17.44
CHAMBLFERT,10.27,10.27
CARBORUNIV,82.95,82.95
MAHSEAMLES,10.07,10.04
HINDOILEXP,19.50,28.03
DICIND,28.27,25.39
COROMANDEL,25.92,29.35
BALMLAWRIE,15.02,15.02
WILLAMAGOR,1.82,1.82
VINDHYATEL,90.07,90.07
MOTOGENFIN,69.30,69.30
ASIANPAINT,62.04,58.37
RAMCOCEM,41.59,210.60
INDIACEM,,63.24
PGHL,27.94,27.94
BEML,57.23,57.23
ADOR,25.29,23.41
CENTENKA,13.64,13.09
TATACHEM,104.12,56.57
TORNTPHARM,61.96,61.06
VTL,21.54,21.54
SUNDROP,,61.79
FEDERALBNK,16.84,16.84
EPL,18.66,18.08
VLSFINANCE,13.34,13.34
SUPREMEIND,66.46,66.46
SRF,41.66,40.43
BIRLACABLE,57.48,57.48
BALRAMCHIN,23.88,23.88
AEGISLOG,23.84,23.84
WEIZMANIND,14.80,14.80
UNICHEMLAB,8.28,29.91
BBOX,42.81,33.29
HONAUT,53.38,52.59
JTEKTINDIA,49.89,48.16
SAURASHCEM,24.95,27.92
RANEHOLDIN,17.46,14.38
PRECOT,16.61,16.61
TATAELXSI,48.73,44.84
SUNPHARMA,37.00,33.29
KOHINOOR,0.26,
SHREYANIND,6.33,6.33
SANDESH,6.74,6.64
HCC,14.31,15.31
APOLLOHOSP,60.36,59.86
ARE&M,18.63,20.20
ADANIENT,24.82,82.38
IVP,10.92,10.68
BALKRISIND,34.21,34.21
INDBANK,21.20,21.20
GINNIFILA,9.52,8.57
EICHERMOT,42.19,41.80
GVT&D,99.12,94.73
NEULANDLAB,107.31,107.31
ONGC,8.20,8.19
ZENSARTECH,17.31,16.86
TAINWALCHM,17.93,17.93
BERGEPAINT,55.00,51.62
BANARISUG,32.12,32.12
ANIKINDS,76.30,76.30
KPIL,25.30,24.62
JYOTISTRUC,30.81,30.81
IGARASHI,80.73,80.73
BSL,34.84,34.84
BLUEDART,48.35,42.19
JAYNECOIND,23.80,23.18
MUNJALSHOW,16.13,15.32
APCOTEXIND,23.76,23.89
SOTL,14.92,14.92
HSCL,35.20,35.20
RCF,22.59,22.79
RANASUG,5.87,6.54
KARURVYSYA,11.77,11.77
DECCANCE,29.60,29.60
UFLEX,9.49,11.29
TATAPOWER,30.17,30.27
ADVANIHOTR,21.29,20.81
THOMASCOOK,20.09,19.62
SUNFLAG,22.90,22.18
SUBROS,31.16,30.13
SPMLINFRA,26.06,26.06
SIMPLEXINF,29.04,37.75
SIEMENS,75.41,75.41
BHARATRAS,19.73,18.39
WIPRO,16.57,16.57
VSTIND,17.70,17.70
JUBLPHARMA,33.60,30.95
UNIVCABLES,29.89,29.89
TATACOMM,29.80,42.38
TOKYOPLAST,67.02,67.02
SOMANYCERA,32.33,32.33
MURUDCERA,14.23,14.23
IFCI,23.81,23.38
HLVLTD,134.51,64.87
SANOFI,24.81,23.45
M&M,26.90,26.53
LIBERTSHOE,39.35,38.68
KAJARIACER,46.20,43.30
HEIDELBERG,25.64,25.12
MODTHREAD,15.05,15.05
MANGLMCEM,31.09,30.77
PRSMJOHNSN,41.79,
PIDILITIND,58.44,57.87
PCBL,42.73,45.79
3PLAND,30.62,30.62
OSWALAGRO,9.06,9.06
EIHAHOTELS,20.51,19.92
HONDAPOWER,30.91,27.65
JINDALSAW,16.32,16.32
SAIL,28.15,25.88
RUBYMILLS,16.28,16.28
STYRENIX,22.99,22.78
ABB,87.24,87.24
IDBI,8.60,8.60
GRAPHITE,40.06,37.61
CANFINHOME,11.72,11.72
BRITANNIA,56.01,56.01
BBL,22.58,22.58
ELECTCAST,16.63,15.32
DHAMPURSUG,13.49,13.49
DCMSHRIRAM,27.58,25.83
DABUR,42.22,41.95
COSMOFIRST,12.10,12.10
CIPLA,21.81,20.77
HEROMOTOCO,21.32,20.92
HDFCBANK,16.36,16.16
HARRMALAYA,13.93,13.93
GMBREW,14.17,14.17
GIPCL,15.69,15.69
ITC,18.58,18.37
INDIANHUME,2.78,16.35
HINDCOMPOS,28.51,18.50
IOC,5.99,5.99
OSWALGREEN,37.32,37.32
HUHTAMAKI,11.85,11.93
RICOAUTO,30.19,26.60
KAMATHOTEL,15.68,22.36
IFBAGRO,16.99,16.99
BANCOINDIA,17.50,17.87
MANINDS,19.27,19.27
APOLLOTYRE,30.31,27.02
SIYSIL,12.03,12.03
SHANTIGEAR,44.30,43.69
PRECWIRE,48.66,48.66
ONWARDTEC,13.43,12.79
NILKAMAL,19.35,17.69
NCC,12.72,12.29
ICIL,46.28,46.28
SEAMECLTD,20.86,20.86
ELGIEQUIP,42.61,41.50
AUROPHARMA,22.71,22.42
BBTC,4.51,4.61
EIHOTEL,32.50,27.45
LICHSGFIN,5.31,5.31
GICHSGFIN,5.95,5.58
BEPL,14.15,14.15
RAIN,32.03,32.03
BANARBEADS,38.58,38.58
MOREPENLAB,22.58,29.37
WSTCSTPAPR,21.78,21.78
EASTSILK,9.36,9.36
VENKEYS,41.23,41.23
GHCL,9.15,9.15
PRUDMOULI,7.68,7.68
PRAJIND,124.46,53.82
BPL,,4.73
PGHH,37.39,37.39
VESUVIUS,37.44,37.44
TFCILTD,26.73,26.73
BOMDYEING,134.83,128.82
NAVNETEDUL,7.94,22.86
GUJALKALI,140.22,140.22
AGI,10.99,10.87
GLAXO,39.91,40.52
TATACONSUM,69.71,70.73
ZEEL,14.11,13.93
CHOLAFIN,27.27,27.27
INDHOTEL,43.61,48.35
FMGOETZE,13.30,12.66
KOTAKBANK,20.35,20.35
ORIENTHOT,29.13,28.81
JAYSREETEA,5.96,212.84
GILLETTE,41.03,41.03
GOLDENTOBC,6.58,7.46
KANSAINER,27.93,26.43
FOSECOIND,45.49,38.59
ESABINDIA,39.94,43.28
3MINDIA,93.61,108.10
ANDHRAPAP,71.40,71.40
GABRIEL,55.41,53.26
SCHAEFFLER,53.57,53.57
AARTIIND,41.47,42.28
RALLIS,30.53,
AMJLAND,8.72,8.72
PRAKASH,7.59,7.59
MFSL,329.75,329.75
KSB,64.02,60.21
KOPRAN,45.36,45.36
HEG,37.59,37.59
GREAVESCOT,105.86,113.48
GODFRYPHLP,31.15,31.15
VARDMNPOLY,46.45,46.45
SURYAROSNI,16.12,16.12
TATAINVEST,125.20,125.20
GLFL,374.77,374.77
TIMKEN,61.74,61.74
SHREECEM,50.15,50.15
SAKHTISUG,14.08,14.08
IPCALAB,39.37,35.92
INGERRAND,49.55,46.31
JSWDULUX,6.98,38.99
HINDALCO,14.14,13.12
HINDZINC,20.78,20.82
HINDUNILVR,50.36,48.08
GSFC,9.88,9.88
GRASIM,20.21,19.72
AMBUJACEM,22.89,20.80
FINPIPE,23.45,23.45
FINCABLES,21.73,24.48
EIDPARRY,6.93,7.91
DCW,34.33,34.33
CGPOWER,106.18,103.88
SUDARCOLOR,18.78,10.52
CESC,14.08,14.08
BIRLACORPN,14.31,12.95
BHEL,134.00,134.00
BHARATGEAR,13.04,13.04
BEL,55.18,55.18
BAJFINANCE,31.03,30.73
ASHAPURMIN,14.76,14.58
NAVA,14.62,14.62
CORALFINAC,9.46,9.46
GREENPLY,22.46,22.63
TNPL,32.24,32.24
AUTOAXLES,16.69,15.82
REMSONSIND,13.82,13.35
DALMIASUG,9.08,9.08
NATCOPHARM,12.66,12.66
KHAITANLTD,8.08,8.08
SWARAJENG,24.99,24.68
MRF,26.23,25.57
GARFIBRES,29.67,29.67
ANDHRSUGAR,11.96,10.29
TNPETRO,7.05,7.61
TTKPRESTIG,84.18,32.44
STARPAPER,5.91,5.91
SKFINDIA,16.76,15.93
AUSOMENT,8.30,8.30
EIMCOELECO,24.30,24.30
JAYAGROGN,14.05,14.05
CUBEXTUB,16.03,16.03
MARICO,56.05,56.05
SILINV,10.40,10.40
REGENCERAM,1086.15,1086.15
BIOFILCHEM,20.38,20.38
KEYFINSERV,20.90,19.31
ZENITHEXPO,23.85,138.76
SANGAMIND,38.23,34.38
MOTHERSON,42.11,40.60
SOMATEX,62.43,437.02
VISAKAIND,9.24,18.16
AARTIDRUGS,16.47,16.47
STERTOOLS,24.18,32.56
CREST,19.28,19.28
INDIANCARD,4.90,8.22
HITECHGEAR,51.67,51.67
WENDT,62.93,62.93
DENORA,30.51,30.51
TVSSRICHAK,68.98,72.16
SHRIRAMFIN,26.31,26.31
PUNJABCHEM,21.93,20.52
MIRZAINT,55.40,
ELECTHERM,5.84,18.51
DYNAMATECH,195.96,159.79
GANESHHOU,12.20,12.20
MMFL,25.88,25.89
JAGSNPHARM,31.84,30.55
ALKYLAMINE,39.77,39.77
BOSCH-HCIL,299.76,109.69
MPHASIS,25.55,25.19
GUJRAFFIA,29.30,29.30
RUCHINFRA,13.87,13.87
RAMCOIND,20.55,20.57
KOTHARIPET,10.27,10.25
HERITGFOOD,19.99,20.13
INDRAMEDCO,21.59,21.59
BANKBARODA,7.54,7.54
MADRASFERT,153.58,153.58
GAIL,14.10,14.10
INDNIPPON,18.18,18.18
SKMEGGPROD,12.03,12.03
TCIFINANCE,6.98,6.98
BANKINDIA,6.94,6.68
CONCOR,29.94,29.94
ICICIBANK,17.12,17.12
KCPSUGIND,72.49,72.49
HUDCO,13.63,13.63
INDSWFTLAB,5.03,30.49
SAREGAMA,34.47,34.20
FDC,26.81,25.04
ENGINERSIN,16.94,16.94
ADROITINFO,24.73,
JAICORPLTD,11.48,11.41
ANTGRAPHIC,6.80,6.80
GMDCLTD,20.01,30.93
MAHAPEXLTD,16.23,57.13
ASAHIINDIA,71.24,68.76
TRIGYN,115.70,63.59
J&KBANK,6.50,6.50
KOTHARIPRO,13.43,21.30
CUB,14.93,14.93
SOUTHBANK,7.29,7.29
ASTRAZEN,106.40,102.90
CEMPRO,23.72,23.72
AXISBANK,15.99,15.99
CYIENT,17.90,17.44
SONATSOFTW,16.12,15.42
NOIDATOLL,2.50,2.50
CYBERTECH,12.01,12.01
KOKUYOCMLN,34.26,34.26
DHANBANK,11.91,11.91
SANGHVIMOV,15.67,15.04
STCINDIA,1.06,12.77
MANUGRAPH,8.02,10.55
VIPCLOTHNG,25.18,25.18
NATIONALUM,12.61,12.61
IVC,17.28,17.28
JINDALSTEL,61.37,
ALEMBICLTD,16.16,16.16
ICDSLTD,25.49,25.49
BSOFT,22.86,21.76
HCLTECH,23.91,22.91
ACCELYA,16.09,15.30
STAR,17.46,16.11
ZYDUSLIFE,19.09,18.40
GLENMARK,59.84,26.35
RAJESHEXPO,21.52,21.52
SHREERAMA,11.70,11.70
WOCKPHARMA,,220.71
NRBBEARING,25.21,76.54
IOB,14.08,14.08
RAMCOSYS,73.83,16.77
GVPIL,22.71,19.24
BIL,36.04,36.04
KTKBANK,7.94,7.94
BLBLIMITED,3.43,3.43
AJANTPHARM,35.50,35.50
BLUESTARCO,74.57,68.99
CALSOFT,16.32,16.32
TVSMOTOR,290.31,287.20
PNBGILTS,5.61,5.65
PNC,,4.83
TAJGVK,17.73,17.73
NLCINDIA,13.85,13.85
CHENNPETRO,6.94,6.94
KRBL,11.72,11.72
HAVELLS,54.97,53.75
GAEL,35.35,34.72
USHAMART,32.16,31.38
AXISCADES,70.55,65.68
BALAJITELE,20.46,20.46
UMIYA-MRO,4.19,4.19
TIPSMUSIC,37.43,37.43
STLTECH,6221.49,565.59
HIKAL,,92.50
TRIDENT,32.44,32.44
MARKSANS,28.95,28.95
NEXTMEDIA,0.41,
GOLDTECH,49.57,
SMARTLINK,12.26,12.26
GODREJCP,60.98,56.81
JISLJALEQS,289.89,50.40
LUPIN,22.90,21.22
UNITDSPR,52.72,51.55
TCI,20.99,20.99
MPSLTD,18.13,19.11
BHARTIARTL,30.80,30.52
ASAL,38.49,36.45
OLECTRA,72.09,70.75
PONNIERODE,9.40,12.36
PNB,7.87,7.87
APTECHT,19.20,18.08
SURANAT&P,9.71,9.74
TEAMGTY,114.44,114.44
OFSS,26.89,26.89
UNIONBANK,7.81,7.81
NUCLEUS,14.24,12.97
CANBK,7.21,7.21
GENESYS,27.18,25.52
OMAXAUTO,12.26,11.18
GODREJIND,18.26,17.76
DIVISLAB,66.15,64.74
RADICO,75.66,73.86
INDORAMA,7.46,7.31
MARUTI,28.48,28.48
VARDHACRLC,21.76,21.76
UCOBANK,12.66,12.66
BAGFILMS,11.75,11.75
JSL,21.91,21.81
NSIL,130.02,129.92
WELSPUNLIV,49.91,48.55
JAIBALAJI,32.93,32.93
IGL,17.67,17.67
TVTODAY,68.82,0.93
UNIENTER,36.85,36.85
UPL,25.92,23.70
MUKANDLTD,32.65,32.65
PETRONET,11.49,11.49
PTC,5.42,7.17
VAIBHAVGBL,17.42,17.42
BIOCON,90.20,47.30
MAHABANK,8.45,8.45
POONAWALLA,96.42,96.42
XPROINDIA,193.58,193.58
RKFORGE,44.79,40.85
DATAMATICS,22.07,19.74
CCL,38.45,38.45
EXCELINDUS,15.76,15.76
LT,29.55,28.16
APARINDS,46.24,45.38
AMBICAAGAR,58.14,58.14
CENTEXT,15.51,15.51
NIITLTD,39.80,31.49
ULTRACEMCO,45.17,44.53
TCS,18.69,17.48
COFORGE,32.78,30.17
TEXINFRA,126.43,126.43
GULFPETRO,6.74,6.42
GUFICBIO,61.69,61.69
ASTRAMICRO,64.12,64.12
WELENT,17.39,16.24
NTPC,16.90,16.90
KOTARISUG,42.97,
JBMA,56.52,55.21
DWARKESH,44.43,44.43
SUPRAJIT,41.09,40.78
PATELENG,10.05,5.48
XCHANGING,12.32,12.32
JSWSTEEL,35.84,34.10
CONSOFINVT,11.30,11.30
JINDALPHOT,274.61,274.61
JPPOWER,20.85,20.85
EVEREADY,53.13,
GOKEX,43.49,43.49
SAKSOFT,14.83,14.42
ALLDIGI,17.47,16.65
IIFL,13.81,13.81
WELCORP,16.71,22.05
SSWL,17.76,17.76
CYBERMEDIA,18.32,15.85
SHAHALLOYS,3.16,
SURYALAXMI,20.03,26.78
JKPAPER,23.58,22.86
PRIMESECU,34.32,34.32
GRANULES,29.65,29.76
JSWHL,124.27,122.25
GEOJITFSL,19.39,18.25
GENUSPOWER,17.39,17.39
YESBANK,19.14,19.14
MSPL,,121.43
SPLIL,14.94,14.94
SEMAC,24.10,24.10
GOLDIAM,27.66,27.66
RML,27.44,21.69
HTMEDIA,35.25,7.20
SASKEN,47.37,42.04
IMPAL,14.43,14.07
SUZLON,20.86,20.86
AURIONPRO,24.81,24.11
BASML,10.68,10.68
TRIVENI,29.45,27.88
AIAENG,31.83,31.76
NAHARINDUS,11.16,10.98
ORIENTCER,25.66,23.96
EKC,11.61,11.27
VIMTALABS,28.14,27.71
KERNEX,37.28,37.28
PVRINOX,438.83,135.81
NITINSPIN,13.83,13.83
ROHLTD,29.59,29.59
ENIL,,117.77
GSPL,8.52,8.52
JAGRAN,11.66,11.66
SAKUMA,42.20,42.20
KEC,22.10,20.63
JKCEMENT,41.22,39.90
INDOTECH,20.30,20.30
M&MFIN,18.07,17.28
BLKASHYAP,105.08,2720.51
NITCO,61.42,54.87
CENTURYPLY,67.90,66.39
KEI,51.08,51.08
VAKRANGEE,62.65,63.18
SOLARINDS,88.06,88.02
GALLANTT,39.91,39.91
UTTAMSUGAR,8.55,8.55
SGL,338.80,338.80
KKCL,20.37,20.37
SUNTV,15.03,14.62
GPIL,27.49,27.49
RSYSTEMS,17.17,15.66
EMKAY,34.54,34.54
LOKESHMACH,301.42,301.42
BALPHARMA,14.98,14.98
SWELECTES,17.28,16.77
KAMDHENU,8.19,8.19
RATNAMANI,26.33,25.76
JKLAKSHMI,17.01,16.42
PFOCUS,,80.65
MUNJALAU,13.65,15.27
EMAMILTD,23.21,22.94
TECHM,31.68,30.43
GRINDWELL,44.30,44.30
VOLTAMP,38.90,38.90
ANTELOPUS,30.54,30.54
ACE,25.67,25.67
ANANTRAJ,34.71,34.71
HGM,160.42,160.42
TALBROAUTO,20.94,20.94
ALICON,30.85,29.10
GEECEE,27.20,27.20
JMFINANCIL,10.32,10.18
FIEMIND,24.23,24.51
DCBBANK,8.64,8.64
INSPIRISYS,9.28,8.79
NAUKRI,39.09,39.07
VGL,9.97,9.97
GESHIP,8.84,8.84
TORNTPOWER,23.61,23.61
MANALIPETC,8.42,13.88
LTFOODS,22.46,22.46
DONEAR,12.03,12.03
RUCHIRA,9.51,9.51
SOBHA,98.99,98.99
VENUSREM,18.73,18.73
JINDRILL,8.15,8.15
HIRECT,57.93,56.61
NFL,24.94,24.94
PLASTIBLEN,12.13,12.13
PARACABLES,20.14,20.15
HBLENGINE,23.18,22.61
TANLA,12.94,12.94
AVTNPL,17.77,17.77
ZEEMEDIA,,230.99
VEEDOL,14.96,14.96
LUMAXTECH,37.98,36.81
SARLAPOLY,12.66,12.66
PTL,12.28,12.28
WANBURY,14.28,14.28
AUTOIND,20.66,35.21
GANDHITUBE,14.74,14.56
PITTIENG,25.27,25.27
UNOMINDA,64.68,63.37
IZMO,28.76,28.76
HUBTOWN,20.60,20.60
TIIL,20.07,20.07
ORIENTBELL,60.63,60.63
PGIL,28.27,28.49
REDINGTON,9.18,12.56
FSL,24.38,21.85
PFC,4.40,4.39
SMSPHARMA,47.12,47.12
INDIANB,11.27,10.78
ORIENTALTL,8.33,7.90
PAGEIND,54.39,52.58
LAOPALA,19.50,19.22
JKTYRE,17.77,14.52
ASTRAL,87.69,85.76
NAHARSPING,41.87,41.87
NAHARPOLY,10.58,10.58
NCLIND,13.43,12.08
BALAMINES,25.30,25.30
BANSWRAS,17.04,17.04
ICRA,28.40,27.75
PHOENIXLTD,44.97,44.26
NDLVENTURE,464.21,464.21
ZENITHSTL,15.57,15.57
BFUTILITIE,4.86,4.84
FORTIS,68.57,65.20
SRHHYPOLTD,8.92,8.18
WEBELSOLAR,16.30,16.07
TGBHOTELS,14.42,14.42
HILTON,17.42,17.42
INSECTICID,14.18,14.18
KMSUGAR,4.66,4.66
NAVINFLUOR,58.40,56.58
TIMETECHNO,20.82,20.82
NAGREEKEXP,31.24,31.24
NELCAST,23.98,23.98
V2RETAIL,47.41,55.49
DLF,52.84,56.19
TARMAT,35.63,35.63
SIGMAADV,22.80,21.88
ADSL,18.35,18.07
ALPA,12.34,12.34
CENTRALBK,6.76,6.84
ASIANTILES,35.75,35.75
KPRMILL,36.76,36.76
CIEINDIA,22.45,22.45
MOTILALOFS,23.55,23.55
INDOWIND,64.33,201.79
NAGREEKCAP,1.83,1.83
KSCL,15.85,15.85
CENTUM,,105.56
POWERGRID,18.51,18.51
CCCL,5.99,
SUPREMEINF,0.13,
MAANALU,56.31,56.31
DELTACORP,6.54,22.16
BAJAJELEC,97.24,135.13
CERA,31.99,30.22
RELIGARE,57.14,57.14
BVCL,4040.44,4040.44
ADANIPORTS,28.36,28.03
EDELWEISS,15.73,13.71
RGL,13.99,12.61
KOLTEPATIL,90.80,90.80
KAUSHALYA,24.04,24.04
COLPAL,39.90,39.72
JYOTHYLAB,24.15,23.88
KALYANIFRG,39.09,39.09
HITECHCORP,33.84,24.42
ECLERX,20.92,20.92
TARIL,33.72,34.00
BRIGADE,23.05,22.64
MANAKSIA,7.22,7.03
PATINTLOG,9.20,9.20
ARIES,11.82,11.82
AMBIKCO,13.00,13.00
KAVDEFENCE,48.29,48.29
CEATLTD,27.34,23.76
BIRLAMONEY,15.93,15.18
RPOWER,42.34,42.34
JKIL,9.46,9.24
CORDSCABLE,12.64,12.64
KNRCON,10.51,10.13
ONMOBILE,29.30,29.18
SEPC,28.04,27.66
BANG,9.83,9.82
IRB,34.20,32.36
NMDC,11.12,11.12
NAHARCAP,16.57,16.57
RECLTD,5.39,5.38
VGUARD,48.84,46.38
NESCO,19.83,19.83
DPSCLTD,131.37,131.37
TITAGARH,44.16,44.16
KIRIINDUS,0.53,
BAJAJFINSV,15.23,15.03
BAJAJ-AUTO,27.98,27.82
DIGISPICE,63.01,16.80
GOKUL,20.24,20.24
RPGLIFE,15.66,30.29
ALMONDZ,18.33,18.33
ARCHIDPLY,34.37,29.53
LOTUSEYE,346.29,352.62
VINYLINDIA,25.54,25.54
UBL,95.01,92.49
LPDC,543.70,543.70
ZFCVINDIA,53.41,52.79
20MICRONS,9.18,9.12
JOCIL,16.99,16.99
ALKALI,74.94,79.07
COUNCODOS,81.36,81.36
TPHQ,9.84,9.84
MAWANASUG,10.69,7.64
AJMERA,19.69,19.69
MHRIL,55.27,59.25
GKWLIMITED,130.35,130.35
VINATIORGA,28.82,28.82
ADANIPOWER,31.31,31.31
NHPC,22.55,22.55
GLOBUSSPR,34.35,34.35
OIL,12.17,12.17
EXPLEOSOL,11.27,10.23
RTNPOWER,37.88,37.88
AMRUTANJAN,27.10,26.67
SUNTECK,25.71,25.71
ZYDUSWELL,78.30,63.49
DEN,8.40,8.40
SHILPAMED,54.39,49.03
SARDAEN,20.22,20.41
REFEX,18.80,18.80
GILLANDERS,12.48,12.45
AHLUCONT,20.45,20.46
DLINKINDIA,14.64,14.64
JSWENERGY,35.84,34.76
GODREJPROP,31.36,30.05
DBCORP,11.49,11.49
HINDCOPPER,79.62,79.62
BEARDSELL,11.94,11.94
MMTC,50.25,
NESTLEIND,73.07,76.24
TRF,49.30,16.85
WHIRLPOOL,32.09,30.74
UNITEDTEA,12.72,12.72
JUBLFOOD,92.87,89.57
VASCONEQ,11.50,11.50
THANGAMAYL,54.98,54.60
EMMBI,24.36,21.74
DBREALTY,63.79,77.96
HATHWAY,22.73,22.62
TEXMOPIPES,7.74,7.74
MANINFRA,15.67,15.67
LGBBROSLTD,16.60,17.17
PERSISTENT,50.00,48.14
ASIANHOTNR,31.40,
ISFT,10.36,10.36
KIRLOSBROS,37.13,35.59
KSL,11.31,11.10
SJVN,46.59,46.59
SUNDARAM,59.56,91.84
KIRLOSIND,9.65,9.68
MANAPPURAM,59.13,59.13
UMESLTD,72.20,72.20
TI,93.89,37.62
HMVL,7.75,6.24
IMFA,20.72,20.72
BLISSGVS,23.81,23.48
AHLWEST,4.22,3.66
AHLEAST,,26.02
IITL,48.85,48.85
BAJAJCON,36.61,36.76
UGARSUGAR,23.61,23.61
PRAKASHSTL,80.89,80.89
GPPL,16.07,17.12
ADFFOODS,26.43,24.94
WELINV,149.35,149.35
WAAREEINDO,7.95,7.95
KILITCH,18.23,18.23
DEEPAKNTR,38.94,38.29
SASTASUNDR,29.78,29.21
CPCAP,4.23,4.23
GREENPOWER,16.69,19.68
RAMKY,15.55,15.55
CANTABIL,22.70,22.70
WABAG,25.13,25.04
ASHOKA,1.32,7.13
JWL,46.44,45.06
OBEROIRLTY,28.07,27.85
PRESTIGE,55.03,55.03
SHAH,43.62,43.62
CGCL,21.16,21.16
RESPONIND,22.78,22.71
COALINDIA,9.28,9.28
IOLCP,21.33,19.83
GRAVITA,31.29,31.29
JINDWORLD,41.03,41.67
PENIND,17.33,17.33
RPPINFRA,10.30,10.22
JAMNAAUTO,25.51,24.50
SUMEETINDS,16.73,50.91
MOIL,21.64,21.64
ZEELEARN,16.06,8.15
A2ZINFRA,,34.74
KIRLOSENG,43.88,43.86
RKDL,450.29,450.29
PSB,14.55,14.55
SURANASOL,1762.49,1762.49
SHEKHAWATI,11.05,11.05
BFINVEST,619.84,617.38
KICL,47.47,44.79
SUMMITSEC,14.96,14.96
STEL,29.83,29.83
TEXRAIL,27.54,27.08
HFCL,218.00,218.69
LOVABLE,14.91,14.89
PFS,5.88,5.85
MUTHOOTFIN,16.69,16.69
VADILALIND,27.05,27.05
SYMPHONY,32.03,33.14
PIIND,31.95,33.98
RELAXO,45.25,45.25
OMINFRAL,31.59,31.59
VSTTILLERS,36.41,36.29
DELPHIFX,38.67,33.42
KARMAENG,22.04,30.90
ASHIANA,28.09,28.09
DHANUKA,17.21,17.21
MAITHANALL,6.30,6.30
RUSHIL,49.60,62.54
INVENTURE,14.70,14.33
LTF,25.05,24.88
IBULLSLTD,33.02,33.02
BODALCHEM,28.11,28.08
GAYAPROJ,0.15,1.53
ASAHISONG,19.50,19.50
FILATEX,10.67,10.67
BROOKS,32.52,32.52
TDPOWERSYS,67.00,67.00
APLLTD,23.02,21.80
VASWANI,227.82,53.20
PGEL,55.65,55.65
PANAMAPET,8.77,8.77
PAISALO,18.73,18.74
SHAKTIPUMP,19.85,19.85
TRITURBINE,43.76,42.41
INDOTHAI,97.88,97.88
ESSARSHPNG,23.72,41.46
DSSL,15.88,15.88
JISLDVREQS,5.58,0.97
POLYMED,43.73,43.11
RUPA,16.87,16.35
VIKASECO,45.86,45.86
APLAPOLLO,49.64,49.64
KANANIIND,19.17,19.17
MINDACORP,54.40,53.81
THOMASCOTT,19.33,19.12
DBSTOCKBRO,21.91,21.91
IRFC,18.97,18.97
COMPUSOFT,41.55,34.06
RHIM,47.66,47.66
SCHNEIDER,97.18,91.06
NDL,10.90,10.90
NBCC,36.57,35.90
TBZ,6.90,6.90
VSSL,22.70,22.70
SPECIALITY,24.95,21.87
CINELINE,,13.29
SAMPANN,14.05,24.69
THEJO,39.68,38.23
KITEX,121.18,401.63
MAYURUNIQ,14.33,14.33
ROSSELLIND,10.93,10.80
DUCON,9.18,9.18
TVSHLTD,9.16,9.07
ZUARI,1.23,
VETO,8.67,8.67
CARERATING,28.43,28.43
PCJEWELLER,11.48,11.47
INDUSTOWER,15.55,15.55
VMART,37.15,47.45
REPCOHOME,5.56,5.56
NIBL,4.41,
JUSTDIAL,9.31,8.97
ATULAUTO,42.51,41.09
ORIENTCEM,9.12,9.03
SAMMAANCAP,10.12,10.12
ESSENTIA,51.96,51.96
PILITA,37.51,37.51
MITCON,21.64,21.64
ORBTEXP,12.00,12.00
JPOLYINVST,1.37,1.37
SREEL,17.47,17.43
NATHBIOGEN,7.35,8.47
CASTROLIND,18.74,18.43
SDBL,19.02,19.02
IREDA,18.87,18.87
BUTTERFLY,25.62,24.94
WONDERLA,46.20,42.40
AGARIND,11.27,11.27
HATSUN,60.04,60.04
CAPLIPOINT,21.21,21.21
GOCLCORP,5.77,6.20
GULFOILLUB,13.20,12.64
SNOWMAN,438.32,80.09
SHARDACROP,17.42,17.42
SUPERHOUSE,58.57,58.57
CIGNITITEC,11.49,11.36
PDSL,23.80,23.80
INTELLECT,26.71,25.53
MONTECARLO,12.16,12.16
GOODLUCK,22.43,22.43
FCL,26.47,26.47
CAMLINFINE,,359.33
GULPOLY,13.92,13.92
APOLSINHOT,28.45,28.65
CCHHL,28.04,28.04
LAMBODHARA,13.65,13.65
GRPLTD,46.79,44.37
GENUSPAPER,36.30,36.30
MOLDTKPAC,26.27,26.51
GREENLAM,331.86,414.18
VISHNU,26.30,26.30
GANECOS,73.03,73.03
LINC,15.92,15.92
MENONBE,23.03,23.03
HESTERBIO,33.60,33.60
JMA,6.37,6.37
MANAKALUCO,29.97,29.97
MANAKSTEEL,14.69,14.68
MANAKCOAT,28.00,28.00
ZENTEC,48.01,48.13
IMAGICAA,169.21,173.50
INOXWIND,30.18,30.18
LFIC,32.62,32.62
BYKE,37.77,37.77
AVANTIFEED,28.62,28.62
VRLLOG,19.36,19.36
PRIVISCL,39.93,39.93
BCG,2.28,2.28
UFO,15.23,15.23
TPLPLASTEH,19.80,19.80
NILAINFRA,10.90,10.90
ARROWGREEN,17.01,17.01
PNCINFRA,6.32,12.88
SKIPPER,25.77,24.64
ALANKIT,10.44,9.26
ORICONENT,37.32,48.16
ADANIENSOL,59.70,59.70
SYNGENE,47.49,42.27
RAMASTEEL,62.56,62.56
MUTHOOTCAP,26.59,26.59
SATIN,9.22,9.22
ARVSMART,34.29,34.29
POWERMECH,18.69,18.69
SHARDAMOTR,14.43,15.07
SHREEPUSHK,14.87,14.87
GUJGASLTD,19.35,19.35
SADBHIN,,0.61
IDFCFIRSTB,36.53,36.53
INDIGO,55.85,34.62
SHK,11.59,21.47
PERFECT,2.98,2.98
BALAXI,14.59,14.59
LUXIND,39.98,38.54
TTKHLTCARE,20.88,18.00
SALZERELEC,20.10,20.10
PILANIINVS,65.17,65.17
KRIDHANINF,3.79,28.66
LINCOLN,13.54,13.54
LALPATHLAB,45.19,43.51
ALKEM,27.50,27.16
NH,47.18,44.45
PRECAM,18.02,29.64
TEAMLEASE,15.33,14.77
QUICKHEAL,159.19,159.19
HITECH,23.46,23.46
VIDHIING,33.83,33.83
BHAGERIA,14.63,14.63
NECCLTD,18.52,18.52
KELLTONTEC,8.63,8.63
VIYASH,95.58,59.35
GOKULAGRO,19.97,19.97
KDDL,18.17,17.98
PDMJEPAPER,8.95,8.95
HCG,339.56,179.65
HECPROJECT,13.38,13.38
WEALTH,42.80,42.80
BHARATWIRE,16.12,16.12
CCAVENUE,19.88,19.99
THYROCARE,46.80,45.32
CROMPTON,33.82,31.84
SAGARDEEP,19.10,21.35
PARAGMILK,21.41,20.50
SHRIPISTON,28.97,28.03
UNITEDPOLY,29.45,29.45
ARMANFIN,58.81,58.81
ALBERTDAVD,43.20,43.20
BLS,17.72,17.72
ASPINWALL,18.98,27.76
SALONA,14729.51,14729.51
PREMEXPLN,59.60,54.51
CONTROLPR,10.64,10.93
INCREDIBLE,13.10,13.10
MAHASTEEL,167.26,177.40
DAMODARIND,8.25,8.25
MGL,11.08,11.07
MOLDTECH,57.82,57.82
POKARNA,24.53,24.53
COMPINFO,0.30,0.30
VIJIFIN,39.47,39.47
GPTINFRA,16.33,16.33
QUESS,46.71,12.58
GROBTEA,18.51,18.51
SOMICONVEY,24.92,24.92
LLOYDSENGG,52.05,52.05
LTM,29.05,26.65
GATECH,6.22,6.22
MINDTECK,21.46,20.09
ADVENZYMES,21.80,23.13
DBL,4.04,8.38
SPAL,16.90,16.52
NDGL,10.27,11.15
RBLBANK,27.39,27.39
MBAPL,45.94,45.94
CUPID,150.44,150.44
LTTS,28.89,28.32
GNA,17.07,17.07
CROWN,14.49,14.60
ICICIPRULI,50.59,50.59
MARATHON,17.98,17.82
HPL,22.31,21.44
JAIPURKURT,28.77,28.77
MASKINVEST,5700.61,5700.61
GRETEX,195.10,195.10
SAKAR,51.81,51.81
ALCODIS,11.74,11.74
PANSARI,39.18,39.18
DIRL,4.51,4.51
ARTNIRMAN,97.76,97.76
ENDURANCE,36.87,36.70
NIRAJISPAT,8.21,8.21
MAZDA,15.31,15.31
PNBHOUSING,10.33,10.33
VBL,49.12,49.12
KINGFA,50.56,50.56
AGROPHOS,6.84,6.94
PODDARMENT,17.57,17.57
ROLLT,1.93,
NBIFIN,27.10,27.10
JETFREIGHT,20.52,20.52
SFL,69.74,64.70
HEADSUP,3.71,3.71
TCIEXP,24.43,24.43
LAURUSLABS,71.67,71.67
TERASOFT,21.92,21.92
ITDC,69.42,69.42
HISARMETAL,27.54,27.54
LIBAS,19.45,7.70
SPCENET,14.65,14.65
MAHESHWARI,7.10,7.10
BHANDARI,16.30,16.30
BSE,65.77,65.77
PRICOLLTD,33.13,33.13
STEELCITY,9.00,9.00
KRISHANA,20.95,20.95
GLOBAL,23.44,23.44
NITIRAJ,130.35,130.35
AKASH,19.02,19.02
DMART,101.82,101.82
TASTYBITE,51.52,51.04
INTENTECH,27.64,27.64
AIRAN,25.86,24.43
ARIHANTSUP,24.36,24.36
URJA,227.92,227.92
LAXMICOT,3.48,21.88
EIFFL,226.14,226.14
NRAIL,35.18,28.31
SHANKARA,5.45,5.43
CNL,13.36,13.36
WIPL,62.63,62.63
FOCUS,136.05,131.06
DEVIT,2.49,
ASLIND,400.99,400.99
SIKKO,34.62,34.62
MKPL,23.27,23.27
DOLLAR,14.97,15.23
PANACHE,56.75,56.75
INFOBEAN,22.29,22.04
SCHAND,12.61,12.12
BHAGYANGR,17.00,17.00
PSPPROJECT,68.90,68.90
STARCEMENT,24.73,24.44
GLOBE,13.90,13.90
ERIS,42.84,41.50
CDSL,58.61,58.61
GTPL,68.90,67.11
ACCORD,0.12,0.12
AUBANK,31.74,31.74
SHRENIK,18.38,18.38
DYNPRO,17.32,17.32
STEELXIND,57.26,57.26
SALASAR,49.57,59.04
UNIVASTU,12.95,12.95
AVADHSUGAR,13.12,12.61
PALASHSECU,12.06,12.06
MAGADSUGAR,8.23,8.10
GANGESSECU,75.39,75.39
THEINVEST,20.70,21.30
SHANTI,4.25,4.25
TOTAL,6.93,6.93
OPTIEMUS,53.46,53.46
WEWIN,11.77,11.77
SIS,,36.34
COCHINSHIP,53.51,53.51
HALEOSLABS,18.68,18.68
LEXUS,17.95,
GEEKAYWIRE,8.93,8.93
SERVOTECH,67.48,67.48
ABCAPITAL,28.90,28.46
APEX,40.45,42.90
PASHUPATI,97.64,97.64
BRNL,4.09,4.09
MANAV,14.37,14.37
DIXON,37.56,42.90
DCAL,22.01,19.52
LASA,,145.04
MATRIMONY,27.02,27.02
CHOLAHLDNG,5.63,5.63
CAPACITE,10.86,10.86
ICICIGI,33.41,33.41
WORTHPERI,11.52,11.52
MPTODAY,5.64,5.80
SBILIFE,79.75,79.75
RMDRIP,23.47,23.47
DPWIRES,24.02,24.02
AARVI,11.79,11.34
AIROLAM,14.32,14.32
RKEC,11.26,11.26
GATECHDVR,1.00,1.00
GOLDSTAR,108.48,108.48
JASH,45.24,45.21
RELIABLE,11.77,11.77
TIRUPATIFL,93.03,93.03
OMFURN,13.10,13.10
GODREJAGRO,31.79,29.99
TCPLPACK,20.71,19.39
MASFIN,16.05,15.89
IEX,25.71,25.71
DPABHUSHAN,13.50,13.50
GICRE,8.18,8.18
TIINDIA,51.14,49.35
NAM-INDIA,42.11,42.11
NIACL,24.99,24.99
IFGLEXPOR,44.37,33.91
KHADIM,25.16,18.40
5PAISA,33.98,33.98
HDFCLIFE,73.11,73.11
AISL,9.87,9.87
VERTOZ,16.19,16.19
PULZ,1446.62,22.65
SILVERTUC,50.62,50.62
ZODIAC,21.99,21.99
FELIX,18.75,18.75
ICEMAKE,94.23,94.23
DNAMEDIA,34.50,34.50
SHRADHA,13.15,13.15
INNOVANA,18.33,18.33
SHALBY,426.25,426.25
TOUCHWOOD,17.08,17.08
ONEPOINT,30.48,29.87
SHIVATEX,12.41,12.41
AJOONI,15.06,15.06
MOKSH,10.58,10.58
BCONCEPTS,178.30,125.62
APOLLO,99.55,99.55
NEWGEN,22.24,20.65
AMBER,120.81,128.19
PRAXIS,4.23,
GALAXYSURF,22.70,21.92
PARAMPARA,66.00,66.00
SINTERCOM,240.95,240.95
SOUTHWEST,24.43,25.19
ARVEE,85.09,85.09
ASTERDM,89.02,81.19
GMMPFAUDLR,330.26,36.56
HGINFRA,10.46,10.74
HINDCON,41.23,41.23
SARVESHWAR,14.76,14.76
UNIINFO,,81.08
MACPOWER,33.23,32.66
TARACHAND,19.08,19.08
BDL,85.72,85.72
MDL,25.83,25.20
TSFINV,90.76,90.76
BANDHANBNK,27.79,27.79
HAL,32.04,32.04
URAVIDEF,133.06,133.06
MITTAL,18.35,18.35
SANDHAR,16.95,17.57
GIRIRAJ,17.58,17.58
KAPSTON,32.76,32.76
MIDHANI,59.82,59.82
CONTI,24.55,26.90
LEMONTREE,32.23,29.31
AVG,12.09,12.09
MMP,37.97,18.63
NARMADA,34.06,34.06
PIGL,16.72,16.65
BSHSL,40.72,40.72
MAHICKRA,104.96,104.96
AAKASH,43.92,43.92
AURIGROW,13.70,13.70
SOFTTECH,160.75,148.15
ORIENTELEC,42.24,39.67
INDOSTAR,112.13,112.13
BORORENEW,,40.49
SIRCA,40.58,40.58
SVLL,236.21,236.21
LATTEYS,48.47,47.55
SONAMLTD,35.01,35.01
ADANIGREEN,126.25,107.67
OSWALSEEDS,20.30,20.30
PRITI,43.46,43.46
ACCURACY,32.75,32.75
GAYAHWS,3.14,3.14
FINEORG,35.69,36.17
RITES,23.11,23.11
VARROC,45.86,25.64
REPL,40.64,35.99
AVROIND,41.16,40.07
HDFCAMC,39.71,39.71
TEMBO,13.10,13.31
CREDITACC,40.75,40.75
AARON,40.63,40.63
SIGIND,9.25,8.38
SUMIT,26.60,26.60
LAGNAM,8.33,8.33
RPPL,8.17,8.17
AKG,64.56,64.56
IRCON,23.88,23.88
AHLADA,27.24,27.24
SPECTRUM,50.73,50.73
AAVAS,16.35,16.35
GRSE,42.66,42.66
KRITIKA,21.90,18.59
PARIN,95.44,95.44
SILGO,43.70,43.42
VINNY,36.96,36.96
BBTCL,48.96,48.96
MARINE,52.43,52.43
IRISDOREME,44.20,44.20
ATGL,102.97,102.97
TECHNOE,29.65,29.65
SHUBHLAXMI,10.76,10.76
DRSDILIP,27.40,27.40
UNIPARTS,17.90,17.56
SHRIRAMPPS,39.40,39.40
TREJHARA,63.93,60.93
NILASPACES,22.86,22.86
AWHCL,14.41,18.17
DALBHARAT,30.84,30.40
RPSGVENT,607.34,22.24
CHALET,27.99,27.95
MSTCLTD,14.21,13.47
OSIAHYPER,4.39,4.39
ANUP,35.02,34.68
ARVINDFASN,140.52,95.03
PAR,8.30,8.30
KHFM,41.30,41.30
RVNL,59.50,59.50
POLYCAB,44.14,44.14
METROPOLIS,58.43,56.12
KPITTECH,27.10,25.63
SWSOLAR,,26.12
NEOGEN,196.70,648.55
EMAMIPAP,13.40,12.79
VCL,5.46,5.46
CONFIPET,19.86,19.86
PPL,12.81,12.81
DGCONTENT,27.23,7.54
INDIAMART,19.35,19.35
ATMASTCO,23.57,23.57
ABINFRA,51.90,51.33
OAL,1278.18,1278.18
DCMNVL,73.01,23.43
SATIA,9.32,9.32
WEL,92.28,92.28
AFFLE,45.56,45.56
CHEMCON,27.33,27.33
WESTLIFE,232.26,
DOLATALGO,11.72,11.72
HNDFDS,46.09,45.17
UJJIVANSFB,23.02,23.02
MAZDOCK,45.38,45.38
IRCTC,31.07,32.02
SAFARI,45.69,45.69
DCI,27.40,27.40
360ONE,36.44,36.44
IIFLCAPS,16.03,16.03
HPIL,137.40,137.40
SAMHI,16.37,23.10
FLUOROCHEM,56.58,55.66
KUANTUM,13.74,13.74
APOLLOPIPE,136.49,136.49
CHEMBOND,15.75,14.76
MGEL,10.80,15.30
ROUTE,15.49,
SBICARD,31.14,31.14
HOMEFIRST,23.00,23.00
SIGMA,18.65,18.65
CSBBANK,11.50,11.50
ASCOM,59.41,58.94
EASEMYTRIP,,111.96
ROSSARI,18.41,18.41
HINDWAREAP,,42.26
PRINCEPIPE,66.64,63.68
LIKHITHA,17.17,17.17
PARKHOTELS,31.69,30.98
ARTEMISMED,37.64,36.72
PATANJALI,30.66,30.31
SUMICHEM,40.29,39.40
LGHL,125.33,129.32
ATALREAL,79.68,79.68
ASALCBR,20.31,20.31
MAHEPC,24.50,21.71
UNIVPHOTO,16.58,16.58
BAFNAPH,32.44,27.37
COHANCE,60.08,56.42
POWERINDIA,150.65,143.68
STOVEKRAFT,51.41,51.41
BHARTIHEXA,43.90,43.67
KSOLVES,24.86,24.86
RAJRATAN,30.47,30.47
HAPPSTMNDS,31.28,28.01
AARTISURF,19.31,19.31
GLAND,34.09,33.41
BOROLTD,40.70,39.14
NDRAUTO,36.88,36.51
MAXHEALTH,67.89,65.93
PAVNAIND,65.45,40.32
AAATECH,37.22,37.22
KALYANKJIL,40.50,39.51
BTML,14.46,14.42
SHAREINDIA,11.23,11.23
UNIDT,22.67,22.67
SIGACHI,,20.51
ANGELONE,35.25,35.25
ADL,2156.77,
NIRAJ,7.29,7.51
VALIANTORG,31.74,42.12
CAMS,39.27,39.27
SURYODAY,21.62,21.62
ROML,12.32,12.32
UTIAMC,20.73,18.30
RAILTEL,33.98,33.22
BECTORFOOD,43.97,43.97
KHAICHEM,8.27,8.27
ORCHPHARMA,165.30,117.27
SUBEXLTD,530.53,161.30
NURECA,23.46,23.46
INDIGOPNTS,27.30,26.51
LXCHEM,47.98,47.98
RVHL,4.82,4.82
MTARTECH,239.47,229.75
FAIRCHEMOR,282.02,308.91
ANURAS,63.99,63.99
KANPRPLA,15.87,15.46
ISGEC,20.59,19.94
RUBFILA,13.29,13.29
STYLAMIND,27.01,27.01
PAKKA,67.57,67.57
CLSEL,13.31,13.31
PARTYCRUS,39.47,39.47
CARYSIL,27.84,27.59
MANCREDIT,29.27,28.76
SHAILY,54.63,54.63
MODISONLTD,10.27,12.69
FIBERWEB,6.53,6.53
BCLIND,7.58,7.58
BHAGCHEM,214.80,214.80
SBCL,45.72,45.23
AADHARHFC,20.34,20.09
SMCGLOBAL,15.58,15.58
QMSMEDI,11.29,11.29
NPST,75.97,75.97
ARIHANTCAP,20.44,20.09
NAZARA,34.16,8.13
IPL,15.92,15.92
GENCON,19.30,19.30
LODHA,25.74,25.74
HLEGLAS,32.65,30.54
BESTAGRO,27.30,27.30
VMARCIND,34.05,34.05
SONACOMS,60.10,56.31
DRCSYSTEMS,13.11,12.56
PARAS,85.19,85.19
CRAFTSMAN,53.20,50.61
DODLA,24.01,23.47
EXXARO,47.22,47.22
JUBLINGREA,40.05,38.68
ROLEXRINGS,18.62,18.45
SHYAMMETL,24.82,24.82
KIMS,84.48,86.61
MAKS,37.79,38.20
JSFB,13.77,13.77
TATVA,89.02,89.02
CLEAN,32.59,32.59
ALIVUS,24.04,23.24
ABSLAMC,29.78,29.72
DEEPINDS,,12.35
ETERNAL,1030.50,1030.50
BEWLTD,9.11,9.11
PIXTRANS,18.28,18.28
MEDIASSIST,48.26,48.49
WINDLAS,27.39,27.39
CARTRADE,39.06,38.05
KRSNAA,24.33,24.33
EQUIPPP,67.19,67.19
APTUS,12.99,12.99
SUPRIYA,27.60,27.55
ANMOL,6.47,6.47
BMETRICS,13.37,13.37
VIJAYA,65.33,64.99
ACUTAAS,65.88,65.88
MOL,31.67,31.67
SUYOG,27.17,27.17
SANSERA,54.74,52.29
BAJAJHCARE,21.49,21.49
PRITIKAUTO,9.84,9.84
AAREYDRUGS,61.93,61.93
GRINFRA,7.81,8.01
INTLCONV,6.45,6.45
DUGLOBAL,50.38,50.38
PAYTM,,146.07
STEELCAS,31.76,31.76
HPAL,26.59,25.58
UGROCAP,9.48,9.48
STARHEALTH,63.17,63.17
KPIGREEN,18.72,18.80
YUKEN,61.23,61.23
SGIL,98.42,99.82
ANANDRATHI,76.35,76.35
SJS,35.68,35.68
FINOPB,16.17,15.68
POLICYBZR,119.13,119.13
NYKAA,519.92,477.42
AWL,26.45,25.89
MONARCH,13.90,13.90
PRUDENT,50.03,50.03
EPIGRAL,15.37,15.37
NUVOCO,30.27,27.70
GOCOLORS,21.40,21.40
NGIL,73.29,73.29
IXIGO,116.35,112.81
CMSINFO,15.65,15.27
COASTCORP,21.93,21.93
TARSONS,54.67,52.36
MEDPLUS,50.65,50.65
TEGA,66.16,66.16
RATEGAIN,37.87,34.77
MANORG,14.74,13.08
LATENTVIEW,31.57,31.57
METROBRAND,90.96,90.96
MICEL,105.57,105.57
EMCURE,34.89,33.58
PASUPTAC,7.85,7.78
FOODSIN,14.30,14.30
PARADEEP,13.52,13.07
MAPMYINDIA,36.41,36.41
3IINFOLTD,6.40,5.98
TMB,8.57,8.57
DYNAMIC,6.93,6.93
DESTINY,62.29,62.29
MANYAVAR,29.13,29.13
GANESHBE,15.41,9.74
DMCC,27.76,27.76
MEDICAMEQ,46.59,46.59
FOCE,49.00,49.00
EMIL,39.98,40.81
SHIVALIK,27.23,27.23
GODAVARIB,71.42,28.18
WAAREEENER,28.97,27.20
DATAPATTNS,78.20,77.51
JSLL,38.40,38.40
COOLCAPS,31.23,31.23
MEDANTA,56.96,53.12
AFSL,7.61,7.61
MALLCOM,12.96,12.96
NIDAN,9.48,9.48
IRIS,48.22,48.22
ASIANENE,34.87,28.95
DIGJAMLMTD,60.59,60.59
SMLT,25.45,25.45
NRL,24.72,24.72
RADIANTCMS,13.49,13.49
GPTHEALTH,27.37,27.37
CHOICEIN,71.67,71.67
EUROBOND,14.99,14.99
HARIOMPIPE,14.51,14.51
GRWRHITECH,30.30,30.30
CAPITALSFB,8.81,8.81
DELHIVERY,249.32,208.25
DCMSRIND,7.24,7.24
VERANDA,11.49,32.46
RAJRILTD,43.38,43.38
EMUDHRA,39.64,39.64
DYCL,18.20,18.20
FIVESTAR,11.96,11.96
STARTECK,12.46,11.85
SBC,52.32,52.32
ELDEHSG,35.03,35.03
RICHA,8.48,8.48
ELIN,14.83,14.54
ANUHPHR,19.24,19.24
SHIGAN,16.18,16.18
TIMESCAN,4.67,4.67
MADHAVBAUG,24.30,21.20
SEJALLTD,37.39,37.39
MHLXMIRU,8.45,8.45
RELCHEMQ,16.86,16.86
GATEWAY,614.90,9.93
SYRMA,57.91,57.39
ZIMLAB,58.41,58.41
JTLIND,32.77,32.77
CAMPUS,53.86,53.86
RAINBOW,49.44,49.44
TBOTEK,54.77,57.07
VENUSPIPES,26.57,26.43
AETHER,72.45,69.65
ROTO,34.78,34.78
MEGASTAR,38.77,38.77
SANATHAN,36.56,36.56
INDOBORAX,17.82,20.87
LANDMARK,74.06,70.90
RACE,32.49,48.74
AVONMORE,19.52,19.52
ETHOSLTD,65.60,64.77
DREAMFOLKS,11.37,11.37
SONUINFRA,6.24,6.24
MSUMI,41.55,41.55
DHARMAJ,19.35,19.35
HARSHA,32.88,33.49
KRISHIVAL,33.13,33.13
GMRP&UI,9.31,
KCK,167.03,167.03
LICI,10.05,10.05
INDOAMIN,11.24,11.24
PROPEQUITY,15.23,15.23
TVSSCS,54.09,226.80
SWARAJ,18.38,18.38
AMEYA,15.57,15.57
INOXGREEN,80.87,80.87
FEDFINA,16.65,16.65
ACI,51.10,51.10
BIKAJI,67.80,66.95
RITCO,14.79,14.79
SURAJEST,11.10,11.10
VEEKAYEM,9.33,9.33
SKP,47.23,47.23
RILINFRA,14.61,14.61
HARDWYN,87.38,87.38
CHEVIOT,9.11,9.11
MUKKA,14.56,14.56
HMAAGRO,6.89,6.89
MEDICO,28.12,28.12
CMRSL,8.43,8.43
KFINTECH,46.23,45.48
YATHARTH,46.02,46.02
DCXINDIA,158.36,158.36
YATRA,35.75,33.71
KAYNES,69.24,68.97
NGLFINE,40.90,40.90
JFLLIFE,22.81,22.85
FIDEL,17.69,17.69
AXITA,162.56,162.56
PLAZACABLE,33.69,33.69
SENCO,11.14,11.14
USASEEDS,13.51,13.51
RADHIKAJWE,10.11,10.11
SPLPETRO,53.77,52.64
RAMRAT,35.42,34.37
VIVIANA,29.69,29.67
CSLFINANCE,6.35,6.35
AGNI,59.50,59.50
KORE,17.45,17.45
GOYALALUM,72.52,72.52
RUSTOMJEE,48.63,48.63
GENSOL,1.23,1.22
DBOL,33.24,33.24
SPORTKING,14.63,14.63
ALLETEC,11.61,11.61
AIIL,10.41,10.41
ABDL,55.40,54.93
MANORAMA,38.14,38.14
ARABIAN,7.55,7.04
INNOVACAP,31.75,31.75
GRMOVER,41.42,41.42
SYNCOMF,18.81,18.82
CEWATER,12.70,11.37
DJML,35.86,35.86
BAHETI,28.78,28.78
SULA,48.11,46.48
SIGNATURE,3349.56,3349.56
ANNAPURNA,16.28,17.60
KRITINUT,11.47,11.47
MEGAFLEX,37.89,37.89
KALAMANDIR,12.52,12.52
RAMAPHO,9.31,9.31
AVALON,74.16,74.16
CONCORDBIO,35.16,34.88
GODIGIT,57.96,57.96
GRCL,51.77,51.77
BAIDFIN,10.22,10.22
PHANTOMFX,10.25,10.25
AMIABLE,24.54,24.54
IPSL,23.18,23.18
KAMOPAINTS,37.11,37.11
BLUEJET,24.12,24.12
MVGJL,7.45,7.38
JIWANRAM,6.58,5.16
UYFINCORP,8.55,8.55
SCPL,30.67,30.67
SUKHJITS,36.53,36.53
ARHAM,30.75,30.75
FROG,15.64,15.61
MANKIND,48.77,46.83
SKYGOLD,28.34,28.34
ARIHANTACA,48.50,48.50
AEROENTER,12.95,12.91
DIVGIITTS,64.64,64.64
EIEL,18.01,17.47
PRITIKA,22.38,22.38
ANLON,26.99,26.99
MOTISONS,20.82,20.82
VELS,1.58,1.58
CMNL,256.63,256.63
SRIVASAVI,14.99,14.99
DIACABS,70.75,70.75
IKIO,49.05,49.05
MANOMAY,22.12,22.12
FAZE3Q,35.75,35.75
UMA,14.50,14.50
RBMINFRA,9.44,9.44
LLOYDSME,32.93,32.93
AARTIPHARM,30.16,29.82
RHL,11.90,11.90
SAHYADRI,11.93,11.72
SAHANA,14.43,14.43
NINSYS,26.77,26.77
DUCOL,58.23,58.23
SBFC,24.99,24.99
SBGLP,17.25,17.25
ASMS,54.95,66.47
HYBRIDFIN,17.86,17.86
SHERA,11.46,11.46
VIAZ,21.34,21.34
LRRPL,33.06,33.06
INDGN,27.25,27.25
ZAGGLE,27.75,27.75
GANDHAR,12.33,12.33
AGARWALFT,10.19,10.19
MCON,16.97,16.97
HONASA,71.53,69.83
RISHABH,20.88,20.88
IRMENERGY,18.06,18.06
AERONEU,91.93,91.93
DENEERS,16.56,16.56
JGCHEM,22.49,22.49
CYIENTDLM,31.55,31.55
AGUL,37.71,37.71
NIRMAN,1.46,1.46
AKI,25.60,20.50
YCCL,25.65,25.65
RPTECH,11.69,11.78
LORDSCHLO,17.16,17.16
SYSTANGO,12.76,12.76
RATNAVEER,18.58,18.58
MOS,28.34,28.34
SECMARK,65.19,65.19
AUROIMPEX,11.17,11.17
SOTAC,11.71,11.71
SPECTSTM,22.76,22.76
ATAM,21.93,21.93
AFIL,10.50,10.50
CRAYONS,12.33,12.33
INFOLLION,22.90,22.90
URBAN,10.24,10.24
INFINIUM,34.07,34.07
AARTECH,97.62,62.39
POCL,33.25,33.25
KRISHCA,21.19,21.19
ESFL,217.46,217.46
AATMAJ,55.46,55.46
DOLPHIN,31.82,31.82
TATATECH,45.80,85.64
REMUS,17.81,17.81
NOVAAGRI,15.05,15.05
REDTAPE,31.88,31.88
ASHOKAMET,4.57,4.57
SICALLOG,22.49,333.98
PENTAGON,21.69,21.69
CELLPOINT,14.68,
SEL,23.52,23.52
PROV,49.33,49.33
PTCIL,356.72,354.51
KDL,3.61,3.61
NETWEB,113.86,113.86
PYRAMID,22.42,22.42
MAGSON,817.26,817.26
AEROFLEX,79.04,79.04
EMSLIMITED,14.09,14.09
EFACTOR,11.86,11.86
GHCLTEXTIL,14.19,14.19
MONOPHARMA,30.86,30.86
VPRPL,,86.40
UDS,8.99,8.67
DENTALKART,43.13,43.13
SYNOPTICS,10.78,10.78
CLSL,14.15,14.68
SSFL,7.99,7.99
KIRLPNU,42.87,39.79
ATL,25.47,25.18
BALUFORGE,21.84,21.84
RRKABEL,34.97,33.97
COMMITTED,29.93,29.93
JSWINFRA,34.70,34.57
JLHL,43.85,42.80
NUVAMA,23.99,23.99
DRONE,84.97,84.97
GLOBALPET,34.66,34.66
YASHO,100.00,100.00
SERVICE,32.50,32.50
KEL,9.84,9.84
PRAMARA,49.13,49.13
NIITMTS,23.04,23.02
VINSYS,17.70,17.70
ZEAL,12.10,12.10
RACLGEAR,38.24,38.24
WCIL,22.62,22.62
ARVINDPORT,10.33,10.33
UNIHEALTH,18.89,18.89
ORIANA,17.73,17.73
ASKAUTOLTD,31.27,31.27
CHAVDA,16.37,16.37
ONDOOR,11.71,11.71
BAWEJA,9.14,9.14
TRANSTEEL,17.57,17.57
SANDUMA,17.40,16.69
PLADAINFO,4.75,4.75
LLOYDSENT,26.50,26.47
OLIL,136.38,136.38
RBZJEWEL,11.31,11.31
MASTERTR,8.34,8.34
KARNIKA,49.37,49.37
AKANKSHA,58.59,59.42
SCML,17.84,17.84
SAAKSHI,44.49,44.49
MUFIN,101.12,101.12
MAL,4.14,4.14
HIGREEN,33.56,33.56
PLATIND,27.99,27.74
MUFTI,11.25,11.01
FLAIR,24.59,24.59
BASILIC,12.36,11.41
CELLECOR,19.10,19.10
SRGHFL,14.29,14.29
JIOFIN,121.00,123.25
MCLOUD,14.73,14.56
MADHUSUDAN,13.89,17.15
GOYALSALT,21.63,21.63
TICL,5.83,3.32
WOMANCART,16.14,16.14
RCDL,6.30,6.30
BLSE,22.09,22.09
HOLMARC,32.11,32.11
SHANTHALA,13.70,13.70
TREL,10.50,19.84
MARCO,13.71,13.71
VISHNUINFR,14.19,14.19
KONTOR,10.59,10.59
RKSWAMY,23.86,21.80
EPACK,51.25,51.25
HAPPYFORGE,43.06,43.06
IBLFL,55.74,55.74
INDIASHLTR,18.25,18.25
CELLO,28.23,27.77
CANARYS,10.12,10.12
DIGIDRIVE,6.85,6.83
DOMS,62.30,62.30
MAITREYA,699.08,699.08
GLOSTERLTD,83.18,83.18
AMNPLST,25.99,25.99
SARTELE,12.66,12.66
VINYAS,61.37,61.37
SAIFL,8.78,8.78
JNKINDIA,37.31,37.31
AFFORDABLE,46.85,46.85
PARAGON,12.74,12.74
ARKADE,14.83,14.83
INOXINDIA,53.71,52.72
GRAPHISAD,9.33,9.20
SHEETAL,30.86,30.86
ROXHITECH,3.21,3.21
JYOTICNC,44.83,44.83
STANLEY,32.75,32.27
BAJEL,127.15,125.43
EFORCE,33.27,33.27
DEEM,60.76,60.76
APS,13.36,13.36
ENTERO,40.53,39.21
TECHLABS,20.97,20.97
SIGNPOST,26.22,26.22
ROCKINGDCE,13.50,13.50
BABAFP,14.40,14.40
SHREEOSFM,12.67,12.67
PRESSTONIC,9.76,9.76
HRHNEXT,11.79,11.79
INDOFARM,24.09,24.09
DEEDEV,32.74,31.42
MEGATHERM,19.09,19.09
OWAIS,5.73,5.34
SSDL,9.33,9.58
BRACEPORT,11.87,11.87
VR,48.83,48.83
KLL,6.28,6.28
ZENITHDRUG,19.52,19.52
SJLOGISTIC,7.87,7.87
PURVFLEXI,9.58,9.58
SRM,14.62,14.62
AZAD,97.56,97.56
PRATHAM,24.25,24.25
KONSTELEC,23.75,23.75
JUNIPER,33.42,29.40
KRYSTAL,12.28,12.28
VSTL,21.18,21.18
DURLAX,20.03,20.03
ITALIANE,14.53,14.53
SUPREMEPWR,24.69,24.69
KCEIL,7.45,7.45
MAXESTATES,184.94,184.94
CGRAPHICS,17.37,17.37
ACCENTMIC,30.36,30.36
COMSYN,21.81,21.81
ADDICTIVE,16.53,16.53
RETAIL,128.31,128.31
SADHAV,15.88,15.88
MANDEEP,7.51,7.51
WTICAB,9.12,9.12
GOPAL,805.24,142.42
DAVANGERE,62.08,62.08
MAXPOSURE,10.94,10.94
UEL,721.82,721.82
ALPEXSOLAR,23.52,23.49
KRONOX,18.88,18.88
VHLTD,41.86,41.86
SONAMAC,29.68,29.68
SIGNORIA,8.43,8.43
KROSS,24.69,24.69
FALCONTECH,42.93,42.93
TCL,17.38,17.38
ENSER,16.31,16.31
DELAPLEX,7.66,7.66
BOSS,9.28,9.28
RULKA,15.02,15.02
DENTA,11.59,11.59
NAMAN,42.41,42.41
SINCLAIR,29.50,29.50
SHREEKARNI,17.94,17.94
BLUEPEBBLE,28.60,28.60
AIMTRON,57.65,57.65
STALLION,35.86,35.86
PSFL,10.78,10.78
DCG,12.76,12.76
AWFIS,44.05,44.19
DIFFNKG,24.54,24.26
K2INFRA,4.61,4.61
RADIOWALLA,31.96,31.96
RBS,17.20,17.20
ASPIRE,7.75,7.75
ESCONET,26.52,26.52
VRAJ,16.77,16.77
MVKAGRO,408.06,408.06
BALAJEE,17.71,17.71
SANSTAR,80.05,80.05
FILATFASH,45.19,45.19
AVPINFRA,5.98,5.98
SATECH,26.27,26.27
AGARWALTUF,8.26,8.26
SILKFLEX,21.31,21.37
KRN,102.69,103.17
UNIECOM,54.01,54.01
GGBL,15.65,15.65
TAC,49.50,49.50
BANSALWIRE,31.20,30.96
EMMIL,14.70,14.70
DPEL,89.14,89.14
AQYLON,209.45,
INDOUS,14.46,14.46
VILAS,22.92,22.92
GARUDA,15.25,15.25
MASON,19.45,19.45
TRUST,12.96,12.96
YASHOPTICS,36.73,36.73
MIEL,17.56,17.56
SATIPOLY,,1.31
ALUWIND,13.66,13.66
TBI,8.00,8.00
AMBEY,12.43,12.43
SAHAJSOLAR,11.21,11.21
REFRACTORY,13.55,13.55
PRLIND,8.23,8.11
IEML,9.46,9.46
ABSMARINE,9.37,9.37
BEACON,27.66,27.82
AKUMS,26.44,25.87
INNOMET,53.54,53.54
GALAPREC,30.01,29.20
ESPRIT,21.63,21.63
ZTECH,55.54,55.54
PICCADIL,60.92,60.95
VERITAAS,9.72,9.72
TOLINS,11.64,11.64
WINSOL,11.44,11.44
ORIENTTECH,56.30,34.76
MEDIORG,7.47,7.47
HOACFOODS,55.40,55.40
SLONE,16.01,16.01
QUESTLAB,13.86,13.86
GPECO,29.22,29.22
CEIGALL,20.69,20.69
MANBA,13.15,13.15
SPCL,17.34,17.34
POSITRON,6.94,6.94
KATARIA,25.19,25.19
TRANSRAILL,17.53,17.03
STYLEBAAZA,34.13,144.31
INTERARCH,23.71,23.29
PCCL,152.94,152.94
RNFI,37.37,37.37
CRIZAC,27.48,27.48
PNGJL,23.42,23.26
TUNWAL,13.15,13.15
RAJINDLTD,18.37,18.37
GSMFOILS,25.05,25.05
IPHL,8.14,8.14
SFML,7.50,7.56
CHETANA,6.52,6.52
TECHERA,59.16,59.16
VLINFRA,4.63,4.63
SHUBHSHREE,19.76,19.76
ECOSMOBLTY,13.81,13.81
AFCONS,27.57,23.59
ETML,15.16,15.16
AVIANSH,109.01,109.01
SYLVANPLY,14.38,14.38
TROM,13.79,13.79
NEPHROCARE,41.27,41.27
BIKEWO,30.18,30.18
FORCAS,15.25,15.25
NAVKARURB,226.34,226.34
JAYBEE,17.43,17.43
ASHALOG,6.98,6.98
JEYYAM,7.25,7.25
SRD,25.63,25.63
PREMIERENE,33.99,33.99
NMSTEEL,12.54,12.54
DBEIL,9.26,9.26
NAMOEWASTE,40.68,40.68
DECCANTRAN,9.70,9.70
C2C,18.72,18.72
MFML,4.44,6.05
ENVIRO,11.71,11.71
AESTHETIK,17.14,17.14
RPEL,65.36,65.36
WOL3D,16.20,16.20
VIESL,17.39,17.39
EFFWA,20.20,20.20
AVANTEL,250.41,250.41
AGIIL,55.81,55.81
UTSSAV,12.46,12.46
VDEAL,22.62,22.62
SUNLITE,26.10,26.10
SSEGL,19.51,19.51
SAJHOTELS,19.97,20.22
PPSL,8.01,8.01
DHARIWAL,91.64,91.64
NEELAM,8.34,8.34
PRIZOR,42.53,42.53
BOROSCI,64.65,43.18
THESL,5.89,5.89
EUREKAFORB,60.33,51.05
HVAX,19.60,19.60
PRANIK,7.14,7.14
BAJAJHFL,29.93,29.81
RELTD,28.86,24.52
HYUNDAI,25.00,25.00
OSELDEVICE,41.91,41.91
LAKSHYA,7.60,7.60
PHOGLOBAL,9.96,9.96
SAHASRA,405.70,405.70
SANOFICONR,45.08,46.05
AKIKO,18.44,18.44
SDREAMS,17.26,17.26
AERON,11.96,11.96
PELATRO,21.80,21.80
MAMATA,14.78,14.78
DIVYADHAN,582.32,582.32
ATCENERGY,10.46,10.46
FORGEAUTO,8.58,8.58
XTGLOBAL,32.98,32.98
EXCELLENT,43.49,43.49
MYMUDRA,8.04,8.04
SAGILITY,23.59,22.94
ABHAPOWER,10.00,10.00
ACMESOLAR,35.90,34.09
BLACKBUCK,27.54,27.24
NIKITA,14.60,14.60
USHAFIN,11.91,11.91
SATKARTAR,23.29,23.29
RAPPID,21.00,21.00
VMM,69.73,69.73
SAILIFE,62.42,61.25
RAYMONDLSL,91.37,43.09
PREMIUM,9.08,9.08
UHTL,36.15,36.15
BARFLEX,12.89,12.89
DELTIC,8.15,8.15
RAJPUTANA,23.21,23.20
KMEW,79.59,79.59
ORCHASP,18.80,18.80
SURAKSHA,44.99,44.99
OBSCP,39.21,39.21
SETL,34.15,34.15
FRESHARA,14.14,14.14
SENORES,38.23,38.23
OCCLLTD,13.10,12.24
APRAMEYA,18.38,18.38
APEXECO,15.26,15.26
CUDML,20.27,20.27
ANYA,31.81,31.81
ROYALARC,16.69,15.91
DIVINEHIRA,64.82,64.82
ONYX,56.03,56.03
DANISH,21.22,21.22
PURPLEUTED,23.87,23.87
ARIS,25.11,24.88
IKS,39.01,39.01
JSWCEMENT,,54.86
GANESHIN,6.40,6.40
UNIMECH,69.67,69.67
AVL,59.56,58.96
IGIL,28.54,28.54
CARRARO,29.58,27.91
ARUNAYA,8.63,8.63
VINCOFE,31.30,31.30
IDENTICAL,10.11,10.11
TANKUP,104.47,104.47
JAINIK,30.70,30.70
REXPRO,10.29,10.29
INFLUX,54.30,54.30
DAMCAPITAL,13.73,13.73
GUJTHEM,67.53,67.53
SHRIAHIMSA,21.95,21.95
HEXT,21.66,20.56
RVTH,21.89,21.89
VENTIVE,36.74,36.52
ROSSTECH,173.73,167.85
KPEL,14.94,14.94
PSRAJ,28.13,28.13
RNPL,69.43,69.43
KKJEWELS,7.07,7.07
LAXMIDENTL,56.21,32.30
EMAPARTNER,14.59,14.59
QPOWER,51.79,51.68
OSWALPUMPS,12.98,12.93
VOLERCAR,78.15,78.15
READYMIX,8.53,8.53
BLUEWATER,21.55,21.55
ELLEN,42.75,42.75
NTPCGREEN,162.78,162.78
NORTHARC,12.39,12.39
THELEELA,60.80,59.32
PROFX,16.74,16.74
MBEL,27.99,27.63
EEPL,24.75,24.75
IGCL,10.06,10.16
HILINFRA,16.91,16.91
CHAMUNDA,9.12,9.12
AGARWALEYE,88.04,86.94
GLOBECIVIL,12.09,12.09
PROSTARM,28.51,28.51
KEN,7.26,7.26
CHANDAN,22.48,22.48
SHKSIL,18.79,18.79
NEPTUNE,16.93,16.93
SCODATUBES,24.04,24.04
ALLTIME,55.88,49.75
SUNTECH,6.24,6.24
BALAJIPHOS,22.30,22.30
CPPLUS,122.45,122.45
SAMBHV,32.81,32.81
AJAXENGG,25.78,25.50
MMEL,30.22,30.22
PUSHPA,27.50,27.50
BAJAJINDEF,34.74,34.32
DDEVPLSTIK,12.39,12.39
SAWALIYA,71.31,71.31
ELGNZ,12.13,12.13
VGINFOTECH,10.87,10.87
BRIGHOTEL,62.73,62.73
HDBFS,21.03,21.03
MAYASHEEL,15.62,15.62
JUBLCPL,21.47,21.01
MAXVOLT,23.63,23.63
ITCHOTELS,45.14,41.65
BORANA,15.42,15.41
AEGISVOPAK,106.24,106.24
BELRISE,38.76,38.38
GCHOTELS,34.05,34.05
DCCL,7.26,7.26
PROTEAN,25.47,24.68
AARADHYA,20.06,20.06
MOSCHIP,98.91,87.06
SAVY,15.72,15.72
TRAVELFOOD,60.87,60.87
EBGNG,53.71,53.71
SAFEENTP,33.40,33.40
SACHEEROME,57.54,57.55
LAXMIINDIA,19.60,19.60
ONESOURCE,860.33,575.53
TINNARUBR,26.00,25.46
WAAREERTL,26.03,25.83
ETL,41.89,41.89
CEDAAR,3.61,3.61
LOTUSDEV,49.08,49.08
TSC,16.44,16.44
NRVANDANA,20.43,20.43
SMARTEN,19.50,19.50
ANTHEM,101.96,97.58
MONOLITH,114.51,114.51
IWARE,40.32,40.32
PATILAUTOM,49.39,49.39
SHANTIGOLD,12.78,12.78
CONNPLEX,39.82,39.82
RTL,47.67,47.67
CIFL,31.80,
PRIMO,130.11,123.65
SPUNWEB,26.03,26.03
WHITEFORCE,24.88,24.99
BHADORA,37.18,37.18
KAYTEX,12.25,12.25
SELLOWRAP,20.45,20.45
BHARATSE,28.75,28.05
PARTH,72.33,72.33
ENRIN,87.98,85.20
JYOTIGLOBL,25.47,25.47
DIGITIDE,150.87,12.14
FLYSBS,32.76,32.76
BELLACASA,25.65,25.65
CHEMBONDCH,17.87,17.87
RAYMONDREL,20.06,20.06
ACCPL,9.53,9.53
SGFIN,42.55,42.55
FISCHER,69.69,69.69
ABLBL,112.31,84.75
RAJOOENG,25.99,25.99
ARFIN,182.26,182.26
GANGABATH,34.08,34.08
